{
    "swagger": "2.0",
    "info": {
        "description": "This is a service for managing images in the album",
        "title": "Craete/Delete Images API",
        "termsOfService": "http://swagger.io/terms/",
        "contact": {
            "name": "API Support",
            "email": "soberkoder@swagger.io"
        },
        "license": {
            "name": "Apache 2.0",
            "url": "http://www.apache.org/licenses/LICENSE-2.0.html"
        },
        "version": "1.0"
    },
    "host": "localhost:8080",
    "basePath": "/",
    "paths": {
        "/image": {
            "get": {
                "description": "Get details of all uploaded images",
                "consumes": [
                    "application/json"
                ],
                "produces": [
                    "application/json"
                ],
                "tags": [
                    "images"
                ],
                "summary": "Get details of all uploaded images",
                "responses": {
                    "200": {
                        "description": "OK",
                        "schema": {
                            "type": "array",
                            "items": {
                                "$ref": "#/definitions/main.ImageData"
                            }
                        }
                    }
                }
            },
            "post": {
                "description": "Create a new image with the input paylod",
                "consumes": [
                    "application/json"
                ],
                "produces": [
                    "application/json"
                ],
                "tags": [
                    "images"
                ],
                "summary": "Create a new image",
                "parameters": [
                    {

                        "description": "ImageData",
                        "name": "sdfsdf",
                        "in": "body",
                        "required": true,
                        "schema": {
                            "$ref": "#/definitions/main.ImageData"
                        }
                    }
                ],
                "responses": {
                    "200": {
                        "description": "OK",
                        "schema": {
                            "$ref": "#/definitions/main.ImageData"
                        }
                    }
                }
            }
        },
        "/imageUpload": {
            "post": {
                "description": "Create a new image with the input paylod",
                "consumes": [
                    "multipart/form-data"
                ],
                "produces": [
                    "application/json"
                ],
                "tags": [
                    "images"
                ],
                "summary": "Create a new image",
                "parameters": [
                    {
                        "description": "ImageData",
                        "name": "sdfsdf",
                        "in": "body",
                        "required": true,
                        "schema": {
                            "$ref": "#/definitions/main.ImageData"
                        }
                    }
                ],
                "responses": {
                    "200": {
                        "description": "OK",
                        "schema": {
                            "$ref": "#/definitions/main.ImageData"
                        }
                    }
                }
            }
        }
    },
    "definitions": {
        "main.Item": {
            "type": "object",
            "properties": {
                "description": {
                    "type": "string",
                    "example": "A random description"
                },
                "itemId": {
                    "type": "string",
                    "example": "A1B2C3"
                },
                "quantity": {
                    "type": "integer",
                    "example": 1
                }
            }
        },
        "main.ImageData": {
            "type": "object",
            "properties": {
                "description": {
                    "type": "string",
                    "example": "Description data"
                },
                "imageName": {
                    "type": "string",
                    "example": "imageName.png"
                },
                "imageType": {
                    "type": "string",
                    "example": "1"
                },
                "imageData": {
                    "type": "string",
                    "example": "1"
                },
                "albumId": {
                    "type": "string",
                    "example": "1"
                },

                "imageId": {
                    "type": "string",
                    "example": "1"
                }

            }
        }
    }
}