{
  "swagger": "2.0",
  "host": "localhost:8080",
  "basePath": "/",
  "info": {
    "description": "This is a service for managing images in the album",
    "title": "Create/Delete Images from Album API",
    "termsOfService": "",
    "contact": {
      "name": "Developer",
      "email": "saranrajrangasamy@gmail.com"
    },
    "license": {
      "name": "Url to accesss Swagger locally",
      "url": "http://localhost:8080/swagger/index.html"
    },
    "version": "1.0"
  },
  "paths": {
    "/album/{albumId}": {
      "get": {
        "description": "Get album details by album Id",
        "consumes": [
          "application/json"
        ],
        "produces": [
          "application/json"
        ],
        "tags": [
          "Album API details"
        ],
        "summary": "Using album Id get album details ",
        "parameters": [
          {
            "type": "string",
            "description": "ID of the album ex- 123",
            "name": "albumId",
            "in": "path",
            "required": true
          }
        ],
        "responses": {
          "200": {
            "description": "OK",
            "schema": {
              "$ref": "#/definitions/main.ImageResponse"
            }
          },
          "301": {
            "description": "AlbumId Cant be empty"
          },
          "500": {
            "description": "No data found"
          }
        }
      },
      "delete": {
        "description": "Delete the album based on the albumId",
        "consumes": [
          "application/json"
        ],
        "produces": [
          "application/json"
        ],
        "tags": [
          "Album API details"
        ],
        "summary": "Delete album",
        "parameters": [
          {
            "type": "string",
            "description": "ID of the album ex- 123",
            "name": "albumId",
            "in": "path",
            "required": true
          }
        ],
        "responses": {
          "104": {
            "description": "ImageID and album ID is not matching.Please provide valid combination"
          },
          "200": {
            "description": "OK",
            "schema": {
              "$ref": "#/definitions/main.SuccessResponse"
            }
          },
          "304": {
            "description": "Album Id/ImageId cant be empty"
          }
        }
      }
    },
    "/album": {
      "post": {
        "consumes": [
          "application/json"
        ],
        "produces": [
          "application/json"
        ],
        "tags": [
          "Album API details"
        ],
        "parameters": [
          {
            "in": "body",
            "name": "album",
            "required": true,
            "description": "Create album based on the details",
            "schema": {
              "$ref": "#/definitions/main.AlbumDetails"
            }
          }
        ],
        "responses": {
          "200": {
            "description": "Album created successfully",
            "schema": {
              "$ref": "#/definitions/main.SuccessResponse"
            }
          },
          "303": {
            "description": "Mandatory field values are missing(AlbumID/AlbumName/Limit)"
          },
          "304": {
            "description": "Album ID already in use. Please try with another id"
          }
        }
      }
    },
    "/upload": {
      "post": {
        "consumes": [
          "multipart/form-data"
        ],
        "produces": [
          "multipart/form-data"
        ],
        "tags": [
          "Image API details"
        ],
        "parameters": [
          {
            "in": "formData",
            "name": "fileUpload",
            "type": "file",
            "required": true,
            "description": "Image upload(Max file size - 5mb)"
          },
          {
            "in": "formData",
            "name": "imageId",
            "type": "string",
            "description": "ID of the image ex- 123",
            "required": true
          },
          {
            "in": "formData",
            "name": "imageName",
            "type": "string",
            "required": true,
            "description": "Image name ex - test.png."
          },
          {
            "in": "formData",
            "name": "albumId",
            "type": "string",
            "required": true,
            "description": "ID of the album ex- 123"
          }
        ],
        "responses": {
          "106": {
            "description": "imageId/AlbumId/Name cant be empty"
          },
          "110": {
            "description": "ImageID already exists"
          },
          "200": {
            "description": "Image uploaded successfully",
            "schema": {
              "$ref": "#/definitions/main.ImageResponse"
            }
          }
        }
      }
    },
    "/image/{albumId}/{imageId}": {
      "delete": {
        "description": "delete the image from the album based on the albumId & imageId",
        "consumes": [
          "application/json"
        ],
        "produces": [
          "application/json"
        ],
        "tags": [
          "Image API details"
        ],
        "summary": "Albumn Image deletion",
        "parameters": [
          {
            "type": "string",
            "description": "ID of the image ex- 123",
            "name": "imageId",
            "in": "path",
            "required": true
          },
          {
            "type": "string",
            "description": "ID of the album ex- 123",
            "name": "albumId",
            "in": "path",
            "required": true
          }
        ],
        "responses": {
          "200": {
            "description": "OK",
            "schema": {
              "$ref": "#/definitions/main.ImageResponse"
            }
          }
        }
      },
      "get": {
        "description": "Get details of albumn image based on the albumId & imageId",
        "consumes": [
          "application/json"
        ],
        "produces": [
          "application/json"
        ],
        "tags": [
          "Image API details"
        ],
        "summary": "Albumn image details",
        "parameters": [
          {
            "type": "string",
            "description": "ID of the image ex- 123",
            "name": "imageId",
            "in": "path",
            "required": true
          },
          {
            "type": "string",
            "description": "ID of the album ex- 123",
            "name": "albumId",
            "in": "path",
            "required": true
          }
        ],
        "responses": {
          "200": {
            "description": "OK",
            "schema": {
              "$ref": "#/definitions/main.ImageResponse"
            }
          }
        }
      }
    },
    "/image/{albumId}": {
      "get": {
        "description": "List the images from the album based on albumn Id",
        "consumes": [
          "application/json"
        ],
        "produces": [
          "application/json"
        ],
        "tags": [
          "Image API details"
        ],
        "summary": "Get details for a given albumnid",
        "parameters": [
          {
            "type": "string",
            "description": "ID of the album ex- 123",
            "name": "albumId",
            "in": "path",
            "required": true
          }
        ],
        "responses": {
          "200": {
            "description": "OK",
            "schema": {
              "$ref": "#/definitions/main.ImageResponse"
            }
          }
        }
      }
    }
  },
  "definitions": {
    "main.ImageResponse": {
      "type": "object",
      "properties": {
        "StatusCode": {
          "type": "integer",
          "example": 200
        },
        "Status": {
          "type": "string",
          "example": "SUCCESS"
        },
        "Extra": {
          "type": "object",
          "example": "{}"
        }
      }
    },
    "main.AlbumDetails": {
      "type": "object",
      "properties": {
        "albumName": {
          "type": "string",
          "example": "test"
        },
        "albumId": {
          "type": "string",
          "example": "1234"
        },
        "maxImagelimit": {
          "type": "integer",
          "example": 10
        }
      }
    },
    "main.ResponseData": {
      "type": "object",
      "properties": {
        "StatusCode": {
          "type": "integer",
          "example": 500
        },
        "Status": {
          "type": "string",
          "example": "SUCCESS"
        },
        "Message": {
          "type": "string",
          "example": "Technincal issue"
        }
      }
    },
    "main.SuccessResponse": {
      "type": "object",
      "properties": {
        "StatusCode": {
          "type": "integer",
          "example": 500
        },
        "Status": {
          "type": "string",
          "example": "SUCCESS"
        },
        "Message": {
          "type": "string",
          "example": "Successfully uploaded"
        }
      }
    }
  }
}